{
    "swagger": "2.0",
    "info": {
        "title": "Endpoints",
        "description": " ",
        "version": "0.0.1-alpha"
    },
    "host": "hostname:0000",
    "schemes": [
        "http",
        "https"
    ],
    "basePath": "/api/v1",
    "produces": [
        "application/json"
    ],
    "paths": {

        "/users": {
            "get": {
                "summary": "Returns a list of users",
                "responses": {
                    "200": {
                        "description": "A successful response"
                    },
                    "500": {
                        "description": "Application error. Please check the response for error details."
                    },
                    "default": {
                        "description": "unexpected error",
                        "schema": {
                            "$ref": "#/definitions/Error"
                        }
                    }
                },
                "tags": [
                    "User"
                ]
            },

            "post": {
                "summary": "Creates User",
                "description": "API to create a new User with Role",
                "responses": {
                    "201": {
                        "description": "User created successfully"
                    },
                    "400": {
                        "description": "Malformed json structure",
                        "schema": {
                            "$ref": "#/definitions/global_response"
                        }
                    },
                    "500": {
                        "description": "Application error. Please check the response for error details."
                    }
                },
                "parameters": [
                    {
                        "name": "user",
                        "in": "body",
                        "description": "User, User Group and Role details to be created",
                        "required": true,
                        "schema": {
                            "$ref": "#/definitions/User"
                        }
                    }
                ],
                "tags": [
                    "User"
                ]
            }
        },
        "/users/search": {
            "post": {
                "summary": "Search User",
                "description": "API to search for details given a User ID",
                "responses": {
                    "200": {
                        "description": "User details",
                        "schema": {
                            "type": "array",
                            "$ref": "#/definitions/Users"
                        }
                    },
                    "400": {
                        "description": "Bad request, Malformed.",
                        "schema": {
                            "$ref": "#/definitions/bad_request_response"
                        }
                    },
                    "500": {
                        "description": "Application error. Please check the response for error details."
                    }
                },
                "parameters": [
                    {
                        "name": "user_id",
                        "in": "body",
                        "description": "User IDs for which details are needed",
                        "required": true,
                        "schema": {
                            "type": "array",
                            "items": {
                                "type": "string"
                            }
                        }
                    }
                ],
                "tags": [
                    "User"
                ]
            }
        },
        "/users/{user_id}": {
            "put": {
                "summary": "Update User",
                "description": "API to update a User details given a User ID",
                "responses": {
                    "200": {
                        "description": "User updated successfully"
                    },
                    "404": {
                        "description": "User with given user id is not available",
                        "schema": {
                            "$ref": "#/definitions/global_response"
                        }
                    },
                    "500": {
                        "description": "Application error. Please check the response for error details."
                    }
                },
                "parameters": [
                    {
                        "name": "user_id",
                        "in": "path",
                        "description": "ID of the User who needs to be updated",
                        "required": true,
                        "type": "integer",
                        "format": "int64"
                    },
                    {
                        "name": "user",
                        "in": "body",
                        "description": "User details",
                        "required": true,
                        "schema": {
                            "$ref": "#/definitions/User"
                        }
                    }
                ],
                "tags": [
                    "User"
                ]
            },
            "get": {
                "summary": "Fetch User Details",
                "description": "API to fetch a User details given a User ID",
                "responses": {
                    "200": {
                        "description": "User details",
                        "schema": {
                            "$ref": "#/definitions/User"
                        }
                    },
                    "404": {
                        "description": "User with given user id is not available",
                        "schema": {
                            "$ref": "#/definitions/global_response"
                        }
                    },
                    "500": {
                        "description": "Application error. Please check the response for error details."
                    }
                },
                "parameters": [
                    {
                        "in": "path",
                        "name": "user_id",
                        "description": "ID of user that needs to be retrieved",
                        "required": true,
                        "type": "integer",
                        "format": "int64"
                    }
                ],
                "tags": [
                    "User"
                ]
            }
        },

    },
    "definitions": {

        "campaign": {
            "type": "object",
            "properties": {
                "id": {
                    "type": "string",
                    "format": "uuid"
                },
                "requestor": {
                    "type": "string",
                    "format": "uuid"
                },
                "requestorPrimary": {
                    "type": "string",
                    "format": "uuid"
                },
                "requestorSecondary": {
                    "type": "string",
                    "format": "uuid"
                },
                "leader": {
                    "type": "string",
                    "format": "uuid"
                },
                "name": {
                    "type": "string"
                },
                "emailType": {
                    "type": "string"
                },
                "region": {
                    "type": "string"
                },
                "businessUnit": {
                    "type": "string"
                },
                "businessDivision": {
                    "type": "string"
                },
                "objective": {
                    "type": "string"
                },
                "ccsgTargetPopulation": {
                    "type": "string"
                },
                "type": {
                    "type": "string"
                },
                "subType": {
                    "type": "string"
                },
                "deploymentInitial": {
                    "type": "string",
                    "format": "date-time"
                },
                "deploymentFinal": {
                    "type": "string",
                    "format": "date-time"
                },
                "costCenter": {
                    "type": "string"
                },
                "poNumber": {
                    "type": "string"
                },
                "npv": {
                    "type": "string"
                },
                "estimatedFileCount": {
                    "type": "string"
                },
                "notes": {
                    "type": "string"
                }
            }
        },


        "User": {
            "type": "object",
            "properties": {
                "ads_id": {
                    "type": "string",
                     "description": "American Express ADS ID"
                },
                "name": {
                    "type": "string",
                    "description": "Name of the user"
                },
                "email_id": {
                    "type": "string",
                    "description": "American Express Email Address"
                },
                "role_id": {
                    "type": "string",
                    "description": "Role ID assigned"
                }
            },
            "required": [
                "ads_id",
                "name",
                "email_id",
                "role_id"
            ],
            "tags": [
                "User"
            ]
        },
        "Users": {
            "type": "object",
            "properties": {
                "users": {
                    "type": "array",
                    "description": "List of users",
                    "items": {
                        "$ref": "#/definitions/user"
                    }
                }
            },
            "tags": [
                "User"
            ]
        },


        "bad_request_response": {
            "type": "object",
            "properties": {
                "error": {
                    "type": "string"
                }
            }
        },

        "Error": {
            "type": "object",
            "required": [
                "code",
                "message"
            ],
            "properties": {
                "code": {
                    "type": "integer",
                    "format": "int32"
                },
                "message": {
                    "type": "string"
                }
            }
        },

        "global_response": {
            "description": "Wrapper for the common response object",
            "type": "object",
            "properties": {
                "request_id": {
                    "description": "Unique identifier for the request. Will be used to debug the issues.",
                    "type": "string"
                },
                "response_date": {
                    "description": "Time stamp of response in MST",
                    "type": "string",
                    "format": "date-time"
                },
                "return_code": {
                    "description": "General return code",
                    "type": "string"
                },
                "return_message": {
                    "description": "General return message",
                    "type": "string"
                },
                "explanation_code": {
                    "description": "Detailed return code",
                    "type": "string"
                },
                "explanation_message": {
                    "description": "Detailed return message",
                    "type": "string"
                }
            },
            "required": [
                "request_id",
                "response_date",
                "return_code",
                "return_message",
                "explanation_code",
                "explanation_message"
            ]
        },
    }
}
