{
    "swagger": "2.0",
    "info": {
        "title": "Endpoints",
        "description": " ",
        "version": "0.0.1-alpha"
    },
    "host": "hostname:0000",
    "schemes": [
        "http",
        "https"
    ],
    "basePath": "/api/v1",
    "produces": [
        "application/json"
    ],
    "paths": {
        "/attachments": {
            "get": {
                "summary": "Returns a list of attachments",
                "responses": {
                    "200": {
                        "description": "A successful response"
                    },
                    "500": {
                        "description": "Application error. Please check the response for error details."
                    },
                    "default": {
                        "description": "unexpected error",
                        "schema": {
                            "$ref": "#/definitions/Error"
                        }
                    }
                },
                "tags": [
                    "Attachments"
                ]
            },
            "post": {
                "summary": "Creates attachment",
                "description": "API to create a new attachment",
                "responses": {
                    "201": {
                        "description": "Attachments created successfully"
                    },
                    "400": {
                        "description": "Malformed json structure",
                        "schema": {
                            "$ref": "#/definitions/global_response"
                        }
                    },
                    "500": {
                        "description": "Application error. Please check the response for error details."
                    }
                },
                "parameters": [
                    {
                        "name": "attachment",
                        "in": "body",
                        "description": "Attachments and details to be created",
                        "required": true,
                        "schema": {
                            "$ref": "#/definitions/Attachment"
                        }
                    }
                ],
                "tags": [
                    "Attachments"
                ]
            }
        },
        "/attachments/search": {
            "post": {
                "summary": "Search Attachments",
                "description": "API to search for details",
                "responses": {
                    "200": {
                        "description": "Attachments details",
                        "schema": {
                            "type": "array",
                            "items": {
                                "type": "object",
                                "$ref": "#/definitions/Attachment"
                            }
                        }
                    },
                    "400": {
                        "description": "Bad request, Malformed.",
                        "schema": {
                            "$ref": "#/definitions/bad_request_response"
                        }
                    },
                    "500": {
                        "description": "Application error. Please check the response for error details."
                    }
                },
                "parameters": [
                    {
                        "name": "attachment_id",
                        "in": "body",
                        "description": "Attachments IDs for which details are needed",
                        "required": true,
                        "schema": {
                            "type": "array",
                            "items": {
                                "type": "object",
                                "$ref": "#/definitions/Attachment"
                            }
                        }
                    }
                ],
                "tags": [
                    "Attachments"
                ]
            }
        },
        "/attachments/{attachment_id}": {
            "get": {
                "summary": "Fetch Attachment Details",
                "description": "API to fetch a Attachment details given a Attachment ID",
                "responses": {
                    "200": {
                        "description": "Attachment details",
                        "schema": {
                            "$ref": "#/definitions/Attachment"
                        }
                    },
                    "404": {
                        "description": "Attachment with given Attachment id is not available",
                        "schema": {
                            "$ref": "#/definitions/global_response"
                        }
                    },
                    "500": {
                        "description": "Application error. Please check the response for error details."
                    }
                },
                "parameters": [
                    {
                        "in": "path",
                        "name": "attachment_id",
                        "description": "ID of Attachment that needs to be retrieved",
                        "required": true,
                        "type": "integer",
                        "format": "int64"
                    }
                ],
                "tags": [
                    "Attachments"
                ]
            },
            "put": {
                "summary": "Update Attachment",
                "description": "API to update a Attachment details given a Attachment ID",
                "responses": {
                    "200": {
                        "description": "Attachment updated successfully"
                    },
                    "404": {
                        "description": "Attachment with given Attachment id is not available",
                        "schema": {
                            "$ref": "#/definitions/global_response"
                        }
                    },
                    "500": {
                        "description": "Application error. Please check the response for error details."
                    }
                },
                "parameters": [
                    {
                        "name": "attachment_id",
                        "in": "path",
                        "description": "ID of the Attachment who needs to be updated",
                        "required": true,
                        "type": "integer",
                        "format": "int64"
                    },
                    {
                        "name": "attachment",
                        "in": "body",
                        "description": "Attachment details",
                        "required": true,
                        "schema": {
                            "$ref": "#/definitions/Attachment"
                        }
                    }
                ],
                "tags": [
                    "Attachments"
                ]
            }
        },

        "/campaigns": {
            "get": {
                "summary": "Returns a list of campaigns",
                "responses": {
                    "200": {
                        "description": "A successful response"
                    },
                    "500": {
                        "description": "Application error. Please check the response for error details."
                    },
                    "default": {
                        "description": "unexpected error",
                        "schema": {
                            "$ref": "#/definitions/Error"
                        }
                    }
                },
                "tags": [
                    "Campaign"
                ]
            },
            "post": {
                "summary": "Creates Campaign",
                "description": "API to create a new Campaign with Role",
                "responses": {
                    "201": {
                        "description": "Campaign created successfully"
                    },
                    "400": {
                        "description": "Malformed json structure",
                        "schema": {
                            "$ref": "#/definitions/global_response"
                        }
                    },
                    "500": {
                        "description": "Application error. Please check the response for error details."
                    }
                },
                "parameters": [
                    {
                        "name": "campaign",
                        "in": "body",
                        "description": "Campaign, Campaign Group and Role details to be created",
                        "required": true,
                        "schema": {
                            "$ref": "#/definitions/Campaign"
                        }
                    }
                ],
                "tags": [
                    "Campaign"
                ]
            }
        },
        "/campaigns/search": {
            "post": {
                "summary": "Search Campaign",
                "description": "API to search for details given a Campaign ID",
                "responses": {
                    "200": {
                        "description": "Campaign details",
                        "schema": {
                            "type": "array",
                            "items": {
                                "type": "object",
                                "$ref": "#/definitions/Campaign"
                            }
                        }
                    },
                    "400": {
                        "description": "Bad request, Malformed.",
                        "schema": {
                            "$ref": "#/definitions/bad_request_response"
                        }
                    },
                    "500": {
                        "description": "Application error. Please check the response for error details."
                    }
                },
                "parameters": [
                    {
                        "name": "campaign_id",
                        "in": "body",
                        "description": "Campaign IDs for which details are needed",
                        "required": true,
                        "schema": {
                            "type": "array",
                            "items": {
                                "type": "string"
                            }
                        }
                    }
                ],
                "tags": [
                    "Campaign"
                ]
            }
        },
        "/campaigns/{campaign_id}": {
            "put": {
                "summary": "Update Campaign",
                "description": "API to update a Campaign details given a Campaign ID",
                "responses": {
                    "200": {
                        "description": "Campaign updated successfully"
                    },
                    "404": {
                        "description": "Campaign with given campaign id is not available",
                        "schema": {
                            "$ref": "#/definitions/global_response"
                        }
                    },
                    "500": {
                        "description": "Application error. Please check the response for error details."
                    }
                },
                "parameters": [
                    {
                        "name": "campaign_id",
                        "in": "path",
                        "description": "ID of the Campaign who needs to be updated",
                        "required": true,
                        "type": "integer",
                        "format": "int64"
                    },
                    {
                        "name": "campaign",
                        "in": "body",
                        "description": "Campaign details",
                        "required": true,
                        "schema": {
                            "$ref": "#/definitions/Campaign"
                        }
                    }
                ],
                "tags": [
                    "Campaign"
                ]
            },
            "get": {
                "summary": "Fetch Campaign Details",
                "description": "API to fetch a Campaign details given a Campaign ID",
                "responses": {
                    "200": {
                        "description": "Campaign details",
                        "schema": {
                            "$ref": "#/definitions/Campaign"
                        }
                    },
                    "404": {
                        "description": "Campaign with given campaign id is not available",
                        "schema": {
                            "$ref": "#/definitions/global_response"
                        }
                    },
                    "500": {
                        "description": "Application error. Please check the response for error details."
                    }
                },
                "parameters": [
                    {
                        "in": "path",
                        "name": "campaign_id",
                        "description": "ID of campaign that needs to be retrieved",
                        "required": true,
                        "type": "integer",
                        "format": "int64"
                    }
                ],
                "tags": [
                    "Campaign"
                ]
            }
        },

        "/files": {
            "get": {
                "summary": "Returns a list of Files",
                "responses": {
                    "200": {
                        "description": "A successful response"
                    },
                    "500": {
                        "description": "Application error. Please check the response for error details."
                    },
                    "default": {
                        "description": "unexpected error",
                        "schema": {
                            "$ref": "#/definitions/Error"
                        }
                    }
                },
                "tags": [
                    "Files"
                ]
            },
            "post": {
                "summary": "Creates File",
                "description": "API to create a new File",
                "responses": {
                    "201": {
                        "description": "File created successfully"
                    },
                    "400": {
                        "description": "Malformed json structure",
                        "schema": {
                            "$ref": "#/definitions/global_response"
                        }
                    },
                    "500": {
                        "description": "Application error. Please check the response for error details."
                    }
                },
                "parameters": [
                    {
                        "name": "file",
                        "in": "body",
                        "description": "Attachments and details to be created",
                        "required": true,
                        "schema": {
                            "$ref": "#/definitions/File"
                        }
                    }
                ],
                "tags": [
                    "Files"
                ]
            }
        },
        "/files/{file_id}": {
            "get": {
                "summary": "Fetch Files Details",
                "description": "API to fetch a Files details given a Files ID",
                "responses": {
                    "200": {
                        "description": "Files details",
                        "schema": {
                            "$ref": "#/definitions/File"
                        }
                    },
                    "404": {
                        "description": "File with given File id is not available",
                        "schema": {
                            "$ref": "#/definitions/global_response"
                        }
                    },
                    "500": {
                        "description": "Application error. Please check the response for error details."
                    }
                },
                "parameters": [
                    {
                        "in": "path",
                        "name": "file_id",
                        "description": "ID of File that needs to be retrieved",
                        "required": true,
                        "type": "integer",
                        "format": "int64"
                    }
                ],
                "tags": [
                    "Files"
                ]
            },
            "put": {
                "summary": "Update Files",
                "description": "API to update a Files details given a Files ID",
                "responses": {
                    "200": {
                        "description": "Files updated successfully"
                    },
                    "404": {
                        "description": "File with given File id is not available",
                        "schema": {
                            "$ref": "#/definitions/global_response"
                        }
                    },
                    "500": {
                        "description": "Application error. Please check the response for error details."
                    }
                },
                "parameters": [
                    {
                        "name": "file_id",
                        "in": "path",
                        "description": "ID of the File who needs to be updated",
                        "required": true,
                        "type": "integer",
                        "format": "int64"
                    },
                    {
                        "name": "file",
                        "in": "body",
                        "description": "File details",
                        "required": true,
                        "schema": {
                            "$ref": "#/definitions/File"
                        }
                    }
                ],
                "tags": [
                    "Files"
                ]
            }
        },

        "/users": {
            "get": {
                "summary": "Returns a list of users",
                "responses": {
                    "200": {
                        "description": "A successful response",
                        "schema": {
                            "type": "array",
                            "items": {
                                "type": "string",
                                "$ref": "#/definitions/Users"
                            }
                        }
                    },
                    "500": {
                        "description": "Application error. Please check the response for error details."
                    },
                    "default": {
                        "description": "unexpected error",
                        "schema": {
                            "$ref": "#/definitions/Error"
                        }
                    }
                },
                "tags": [
                    "User"
                ]
            },
            "post": {
                "summary": "Creates User",
                "description": "API to create a new User with Role",
                "responses": {
                    "201": {
                        "description": "User created successfully"
                    },
                    "400": {
                        "description": "Malformed json structure",
                        "schema": {
                            "$ref": "#/definitions/global_response"
                        }
                    },
                    "500": {
                        "description": "Application error. Please check the response for error details."
                    }
                },
                "parameters": [
                    {
                        "name": "user",
                        "in": "body",
                        "description": "User, User Group and Role details to be created",
                        "required": true,
                        "schema": {
                            "$ref": "#/definitions/Campaign"
                        }
                    }
                ],
                "tags": [
                    "User"
                ]
            }
        },
        "/users/search": {
            "post": {
                "summary": "Search User",
                "description": "API to search for details given a User ID",
                "responses": {
                    "200": {
                        "description": "User details",
                        "schema": {
                            "type": "array",
                            "$ref": "#/definitions/User"
                        }
                    },
                    "400": {
                        "description": "Bad request, Malformed.",
                        "schema": {
                            "$ref": "#/definitions/bad_request_response"
                        }
                    },
                    "500": {
                        "description": "Application error. Please check the response for error details."
                    }
                },
                "parameters": [
                    {
                        "name": "user_id",
                        "in": "body",
                        "description": "User ID for which details are needed",
                        "required": true,
                        "schema": {
                            "type": "array",
                            "items": {
                                "type": "string"
                            }
                        }
                    }
                ],
                "tags": [
                    "User"
                ]
            }
        },
        "/users/{user_id}": {
            "get": {
                "summary": "Fetch User Details",
                "description": "API to fetch a User details given a User ID",
                "responses": {
                    "200": {
                        "description": "User details",
                        "schema": {
                            "$ref": "#/definitions/User"
                        }
                    },
                    "404": {
                        "description": "User with given user id is not available",
                        "schema": {
                            "$ref": "#/definitions/global_response"
                        }
                    },
                    "500": {
                        "description": "Application error. Please check the response for error details."
                    }
                },
                "parameters": [
                    {
                        "in": "path",
                        "name": "user_id",
                        "description": "ID of user that needs to be retrieved",
                        "required": true,
                        "type": "integer",
                        "format": "int64"
                    }
                ],
                "tags": [
                    "User"
                ]
            },
            "delete": {
                "summary": "Delete User",
                "description": "API to delete a User given a User ID",
                "responses": {
                    "200": {
                        "description": "User successfully removed"
                    },
                    "404": {
                        "description": "User with given id is not available",
                        "schema": {
                            "$ref": "#/definitions/global_response"
                        }
                    },
                    "500": {
                        "description": "Application error. Please check the response for error details."
                    }
                },
                "parameters": [
                    {
                        "in": "path",
                        "name": "user_id",
                        "description": "ID of the User who needs to be deleted",
                        "required": true,
                        "type": "integer",
                        "format": "int64"
                    }
                ],
                "tags": [
                    "User"
                ]
            },
            "put": {
                "summary": "Update User",
                "description": "API to update a User details given a User ID",
                "responses": {
                    "200": {
                        "description": "User updated successfully"
                    },
                    "404": {
                        "description": "User with given user id is not available",
                        "schema": {
                            "$ref": "#/definitions/global_response"
                        }
                    },
                    "500": {
                        "description": "Application error. Please check the response for error details."
                    }
                },
                "parameters": [
                    {
                        "name": "user_id",
                        "in": "path",
                        "description": "ID of the User who needs to be updated",
                        "required": true,
                        "type": "integer",
                        "format": "int64"
                    },
                    {
                        "name": "user",
                        "in": "body",
                        "description": "User details",
                        "required": true,
                        "schema": {
                            "$ref": "#/definitions/User"
                        }
                    }
                ],
                "tags": [
                    "User"
                ]
            }
        }
    },
    "definitions": {
        "Attachment": {
            "type": "object",
            "properties": {
                "id": {
                    "type": "string",
                    "format": "uuid"
                }
            }
        },
        "Campaign": {
            "type": "object",
            "properties": {
                "id": {
                    "type": "string",
                    "format": "uuid"
                },
                "requestor": {
                    "type": "string",
                    "format": "uuid"
                },
                "requestorPrimary": {
                    "type": "string",
                    "format": "uuid"
                },
                "requestorSecondary": {
                    "type": "string",
                    "format": "uuid"
                },
                "leader": {
                    "type": "string",
                    "format": "uuid"
                },
                "name": {
                    "type": "string"
                },
                "emailType": {
                    "type": "string"
                },
                "region": {
                    "type": "string"
                },
                "businessUnit": {
                    "type": "string"
                },
                "businessDivision": {
                    "type": "string"
                },
                "objective": {
                    "type": "string"
                },
                "ccsgTargetPopulation": {
                    "type": "string"
                },
                "type": {
                    "type": "string"
                },
                "subType": {
                    "type": "string"
                },
                "deploymentInitial": {
                    "type": "string",
                    "format": "date-time"
                },
                "deploymentFinal": {
                    "type": "string",
                    "format": "date-time"
                },
                "costCenter": {
                    "type": "string"
                },
                "poNumber": {
                    "type": "string"
                },
                "npv": {
                    "type": "string"
                },
                "estimatedFileCount": {
                    "type": "string"
                },
                "notes": {
                    "type": "string"
                }
            }
        },
        "File": {
            "type": "object",
            "properties": {
                "id": {
                    "type": "string",
                    "format": "uuid"
                }
            }
        },
        "User": {
            "type": "object",
            "properties": {
                "ads_id": {
                    "type": "string",
                    "description": "American Express ADS ID"
                },
                "name": {
                    "type": "string",
                    "description": "Name of the user"
                },
                "email_id": {
                    "type": "string",
                    "description": "American Express Email Address"
                },
                "role_id": {
                    "type": "string",
                    "description": "Role ID assigned"
                }
            },
            "required": [
                "ads_id",
                "name",
                "email_id",
                "role_id"
            ]
        },
        "Users": {
            "type": "object",
            "properties": {
                "campaigns": {
                    "type": "array",
                    "description": "List of Users",
                    "items": {
                        "$ref": "#/definitions/User"
                    }
                }
            }
        },
        "bad_request_response": {
            "type": "object",
            "properties": {
                "error": {
                    "type": "string"
                }
            }
        },
        "Error": {
            "type": "object",
            "required": [
                "code",
                "message"
            ],
            "properties": {
                "code": {
                    "type": "integer",
                    "format": "int32"
                },
                "message": {
                    "type": "string"
                }
            }
        },
        "global_response": {
            "description": "Wrapper for the common response object",
            "type": "object",
            "properties": {
                "request_id": {
                    "description": "Unique identifier for the request. Will be used to debug the issues.",
                    "type": "string"
                },
                "response_date": {
                    "description": "Time stamp of response in MST",
                    "type": "string",
                    "format": "date-time"
                },
                "return_code": {
                    "description": "General return code",
                    "type": "string"
                },
                "return_message": {
                    "description": "General return message",
                    "type": "string"
                },
                "explanation_code": {
                    "description": "Detailed return code",
                    "type": "string"
                },
                "explanation_message": {
                    "description": "Detailed return message",
                    "type": "string"
                }
            },
            "required": [
                "request_id",
                "response_date",
                "return_code",
                "return_message",
                "explanation_code",
                "explanation_message"
            ]
        }
    }
}
