{
  "restartable": "rs",
  "ignore": [
    ".git",
    ".bowerrc",
    ".jshintrc",
    "node_modules/**/node_modules"
  ],
  "verbose": true,
  "execMap": {
    "js": "node --harmony"
  },
  "events": {
    "restart": "osascript -e 'display notification \"App restarted due to:\n'$FILENAME'\" with title \"nodemon\"'"
  },
  "watch": [
    "application/public/ng-app/",
    "application/controllers/api/v1/*.js",
    "application/controllers/api/*.js",
    "application/lib/*.js",
    "application/config/*"
  ],
  "env": {
    "NODE_ENV": "development"
  },
  "ext": "js json"
}